Sample	BP	Sh	F	Si	ISi
ZC1_S4	0.22316164754620776	2.150600249536477	13.078076414885103	0.8639752325491022	7.351602349630777
ZC2_S5	0.21167012018234563	2.116381919181078	9.605084049697103	0.861622324954295	7.226599230473474
ZC3_S6	0.1975104081092747	2.1308051819116627	11.305539894671124	0.8648165355297632	7.397354431763132
ZC4_S7	0.1742665504296618	2.1815967204717523	8.786168948985395	0.8749928019874275	7.999539353721257
ZP1_S20	0.1564874517605887	2.1489007605401933	10.21275361751345	0.8739603062149468	7.934008485496555
ZP2_S21	0.1623142505690896	2.1668400763140823	9.918485032749143	0.8726723432170008	7.8537532635527185
ZP3_S22	0.1701008673809804	2.161056659328171	11.471385128311649	0.8737277240091295	7.919394753542728
