Sample	BP	Sh	F	Si	ISi
ZC1_S4	0.22084533648170013	2.1316437160509034	3.1485480245204385	0.8636845626682943	7.335926286665766
ZC2_S5	0.1989767739309904	2.1327230572111957	2.318448973731915	0.8648520602931864	7.399298888087923
ZC3_S6	0.19598545136325102	2.1673084491024466	2.7957513010297275	0.872434853545737	7.839131830249092
ZC4_S7	0.1775363747486298	2.1491721594200324	2.0509254295125516	0.8731228220111185	7.881638099545625
ZP1_S20	0.15678245562424972	2.132955097681972	2.465653465007256	0.8755128667986958	8.032958702510497
ZP2_S21	0.15450428038715833	2.1733195444933733	2.2903776805200877	0.8764885744711239	8.096416956714728
ZP3_S22	0.16403585605397045	2.1220283144788206	2.269308586262163	0.8743845049791796	7.960801331350511
