Sample	BP	Sh	F	Si	ISi
ZC1_S4	0.18405861456483127	2.2846756191282007	3.9333557920788227	0.879816810910269	8.320631259446621
ZC2_S5	0.20690166721822187	2.299052803692363	4.460972248419907	0.8774900793167403	8.162604256233465
ZC3_S6	0.17754224361788407	2.3142411088277917	4.251695520642238	0.8843889811956966	8.649694556301037
ZC4_S7	0.1527694153717392	2.2993399759127766	3.610059673981631	0.8869256834580509	8.843741271953768
ZP1_S20	0.14606703528511497	2.282733938331971	4.113935972649318	0.8857075161602488	8.749481736717652
ZP2_S21	0.14395153179772086	2.292555354558593	3.9271538533373875	0.8860396179575042	8.774979357537603
ZP3_S22	0.15057575550432206	2.2779063840481735	3.8853456713480057	0.8859897594699563	8.771141919803966
