Sample	BP	Sh	F	Si	ISi
ZC1_S4	0.2236557314433646	2.1598455348012062	15.56169192865489	0.8644349845983861	7.376534403345002
ZC2_S5	0.2061544941232215	2.1603750537125688	12.77164722170183	0.8664449686894973	7.48755018951772
ZC3_S6	0.19894722481184202	2.1323126974090614	12.915946059335997	0.8647269372150723	7.392454783033282
ZC4_S7	0.17210920387682352	2.197914398362386	11.21683923408526	0.8762530100501172	8.081004640234058
ZP1_S20	0.16078105118919447	2.1520829256191325	12.299196490066269	0.8740674429067221	7.940758316050889
ZP2_S21	0.16310431995666502	2.1791726442619272	11.761661600772374	0.8737378551821045	7.920030199409911
ZP3_S22	0.1692976887936148	2.2114536508131275	13.658602260017249	0.8777911802323335	8.18271546931816
