Sample	BP	Sh	F	Si	ISi
ZC1_S4	0.5758571748711436	0.7686953642964094	1.4205994371932422	0.49966270342775754	1.998651723249283
ZC2_S5	0.5060150375939849	0.7686607987063964	1.4403842930370305	0.5104858673824115	2.0428419393178303
ZC3_S6	0.6029781879194631	0.7343200537614941	1.1686559874320066	0.4864239186691486	1.9471311775436615
ZC4_S7	0.5809506126995916	0.7363518088814841	0.9656962091906487	0.4938599551966343	1.9757377632281552
ZP1_S20	0.4982484235812231	0.7616843865216306	1.2208654068558498	0.5097777389039525	2.0398910440423137
ZP2_S21	0.5142433548660383	0.7421438554858958	0.859832499194495	0.506580772722041	2.026674164111298
ZP3_S22	0.4958724736692286	0.7604043580280092	1.3374664419931395	0.5093861621551496	2.0382629328042636
