Sample	BP	Sh	F	Si	ISi
ZC1_S4	0.17943548387096775	2.214953957584779	2.1124458590928596	0.8778502490153315	8.186672440498992
ZC2_S5	0.22180451127819548	1.9597088741349216	2.0524909493742194	0.8455951198751596	6.476479235575156
ZC3_S6	0.20137299771167047	1.9706073722464972	1.6039569425557165	0.8480780131421494	6.582325709942651
ZC4_S7	0.19164619164619165	2.118773362314872	2.083357784121308	0.8705898016242843	7.727366255144032
ZP1_S20	0.19550561797752808	2.020881200844214	1.816441906382719	0.8567871242028545	6.982612383375742
ZP2_S21	0.1827956989247312	2.0494336890654816	1.8915942866447313	0.8620119989566124	7.24700693131695
ZP3_S22	0.16541353383458646	2.226390770554087	2.574364457151539	0.8821047593859019	8.482106612541395
