Sample	BP	Sh	F	Si	ISi
ZC1_S4	0.21369040170191467	2.1280586534494894	2.9343427036198295	0.8646315590294276	7.38724619143238
ZC2_S5	0.19801714418654592	2.0950875358311483	1.6151178435638753	0.8627985437792509	7.288552377979565
ZC3_S6	0.19531262438900124	2.103115142671988	2.3921713666672955	0.8642433510649252	7.366121717384518
ZC4_S7	0.17391042981665164	2.138579650834668	1.5338445004922432	0.8732882942378264	7.891930694050548
ZP1_S20	0.15202036401356692	2.115394709649554	1.9604630528648817	0.8744514469208013	7.965045995943729
ZP2_S21	0.15691260495080975	2.1095857963462095	1.5926225945367327	0.8721203290605396	7.81985121367266
ZP3_S22	0.1558031331369787	2.112978069811917	1.675920495324204	0.874192388447129	7.948644661930865
