Sample	BP	Sh	F	Si	ISi
ZC1_S4	0.18581449507848394	2.395987717158489	134.82942892360268	0.8857786465576534	8.754930403663543
ZC2_S5	0.19400553650562194	2.4278967466172916	112.96584920437024	0.8869432172639876	8.845112834450637
ZC3_S6	0.17455875302433965	2.4005735041368834	115.56329762643043	0.8887668501026363	8.990125703737721
ZC4_S7	0.14279686121399923	2.4225402574982837	96.29874682706506	0.8927041255225009	9.320022832841621
ZP1_S20	0.14452504947753078	2.376158419020397	111.9135461621389	0.8891256280074677	9.019216812947116
ZP2_S21	0.13897055263103283	2.398311174082926	115.37201032178505	0.8910322371235205	9.177026063511569
ZP3_S22	0.13711952579071052	2.408254607637725	106.68133753195687	0.8916068844326301	9.22567816937108
