Sample	BP	Sh	F	Si	ISi
ZC1_S4	0.2097243477682271	2.276093709933707	23.476982540028285	0.8756632717224497	8.04267583563686
ZC2_S5	0.19939427856602035	2.2708204216120493	17.908543107243226	0.8756674863905349	8.042948469143415
ZC3_S6	0.19318822516988635	2.2834657141388135	22.148488699059257	0.877882120397667	8.188809069207716
ZC4_S7	0.165654486820224	2.3023839753411166	17.516410846154344	0.8845440378705896	8.66131104497779
ZP1_S20	0.1592084477684336	2.2497772412785952	18.771281433401118	0.8816675622425989	8.45076818285572
ZP2_S21	0.1585676628867259	2.28251397361283	18.64796028388323	0.882167903562505	8.486652026347146
ZP3_S22	0.16703069854165278	2.30474091527181	19.939627884344354	0.8847156683725379	8.674205643412765
