Sample	BP	Sh	F	Si	ISi
ZC1_S4	0.18323629110565043	2.3019973576897743	7.699578582914384	0.8804114284297119	8.362003048194705
ZC2_S5	0.2064278239318758	2.312948376391261	6.604661330703744	0.8781024466270431	8.20361009987138
ZC3_S6	0.17743198422137355	2.327806004039453	7.110791469663428	0.8848290058395418	8.682741755331062
ZC4_S7	0.15229402891476415	2.3201163793869415	5.327751430661043	0.8877187309322729	8.906205000201851
ZP1_S20	0.14569404889346718	2.3121232162498484	8.402415972802428	0.8868377119593478	8.836866215012922
ZP2_S21	0.1439715115217848	2.3124296682153385	7.267208726112298	0.8867090527795874	8.826830603282497
ZP3_S22	0.14996495713037492	2.3120598757438313	7.805642614647683	0.8872447715192502	8.86876833539232
