Sample	BP	Sh	F	Si	ISi
ZC1_S4	0.18300658161340358	2.3750198436895005	113.3433447866285	0.8852819753500731	8.717025969123831
ZC2_S5	0.1883125682237362	2.3809800178070755	93.56480324043352	0.8826443074334487	8.521103477216574
ZC3_S6	0.16236061907021745	2.452152168821412	98.43676319259717	0.8930476244386005	9.349955947691107
ZC4_S7	0.14646407090851535	2.4098570131981383	84.08883199235112	0.8921928010160586	9.275818400114048
ZP1_S20	0.14519220119284562	2.379141156241112	95.73011630336873	0.8894128047432528	9.042638233823796
ZP2_S21	0.14321254546702353	2.372174263078228	102.47361164025715	0.8881713823969873	8.942254866727959
ZP3_S22	0.1355508561965358	2.384054300899748	91.35745724417127	0.8904235809430274	9.12605110302122
