Sample	BP	Sh	F	Si	ISi
ZC1_S4	0.20172273749031905	2.2481991406672153	55.88920076449001	0.8706798417947249	7.732746494267815
ZC2_S5	0.20884608525057963	2.3119382839297002	46.26872618709935	0.8722676103507883	7.828867859955293
ZC3_S6	0.17602999293997354	2.255390799511469	46.92670753866607	0.8745273886617838	7.969866804672311
ZC4_S7	0.16068388062494152	2.2712392448242302	41.27365400079908	0.8789965578727408	8.264227714681876
ZP1_S20	0.14962761623924845	2.291937882589073	50.91047310919273	0.8822516271240388	8.492686357996837
ZP2_S21	0.14940010859782357	2.3035773161065585	50.19641231575105	0.8824837018228904	8.509457968909924
ZP3_S22	0.1562639978071495	2.269899469975946	45.37199765862983	0.881220206711947	8.418940396494035
