Sample	BP	Sh	F	Si	ISi
ZC1_S4	0.23648727869621292	2.110164874165836	1.0292745571599846	0.8625381947336468	7.274748051375782
ZC2_S5	0.24899418864550737	1.9819651816131387	1.0241476831969782	0.8435246889851638	6.390784549424443
ZC3_S6	0.2798593561147127	1.9302436862933754	0.9856898168295791	0.8284959387387691	5.830765712753731
ZC4_S7	0.2194424588992137	2.0292335845568052	1.0187286356053655	0.8560781292573252	6.948214297380493
ZP1_S20	0.18523127981746526	2.013308653055143	0.9787425871363242	0.8562686054754614	6.957422234077571
ZP2_S21	0.19469969370089227	1.9762018702768471	1.0095979262019583	0.8484504795630432	6.598503229285975
ZP3_S22	0.20779698418536227	2.0002236117753185	0.9991564795879161	0.853143161579553	6.809352637274051
