Sample	BP	Sh	F	Si	ISi
ZC1_S4	0.20291702224340288	2.189235297054888	6.901792245395757	0.8689956978439206	7.633337100705234
ZC2_S5	0.2105523469159833	2.1919296222657216	6.120249729439785	0.8665809001247741	7.495178733293838
ZC3_S6	0.17692570258277393	2.194055355286811	5.902649032904892	0.8728507016640507	7.864770101662975
ZC4_S7	0.16211590332726963	2.1977196760065194	4.53541406385551	0.8764770858790132	8.095663926941777
ZP1_S20	0.1506009526914058	2.2213083614735196	7.072026605396652	0.8794729998575403	8.296896121350626
ZP2_S21	0.15144927536231884	2.2221125613713566	6.776699847942505	0.8794524505579667	8.29548177983379
ZP3_S22	0.15747368421052632	2.2152431391487464	7.008819633001081	0.8793869146536839	8.290974375862302
