Sample	BP	Sh	F	Si	ISi
ZC1_S4	0.22014911393353565	2.1393204812967297	3.244861017719081	0.8641915969230191	7.363314620768826
ZC2_S5	0.20014129242362455	2.136070076157347	2.413668578813525	0.8650595126449122	7.410674287610656
ZC3_S6	0.19796531291431047	2.168239994567956	2.7927995955484004	0.8722708550611062	7.829066737105341
ZC4_S7	0.17794111917717492	2.155633727117052	2.2449560490454896	0.8732083735376529	7.8869561650190425
ZP1_S20	0.15612056091444457	2.157774686730475	2.754171737535898	0.8767632330543518	8.11446149379296
ZP2_S21	0.15514411630616484	2.1825485130051177	2.3842847080521	0.8768753393003073	8.121849792861969
ZP3_S22	0.16492652745552977	2.1356757790076317	2.3624086114519827	0.874775289407876	7.98564432907457
