Sample	BP	Sh	F	Si	ISi
ZC1_S4	0.11514392991239049	2.373983293901106	1.8046904952551988	0.9062455889410636	10.666164809796246
ZC2_S5	0.12639405204460966	2.3733694073278855	1.957326511917816	0.9063570850034267	10.678864493235752
ZC3_S6	0.11154345006485085	2.361036198583299	1.8173880382982048	0.9047214782623343	10.495544869528322
ZC4_S7	0.11228813559322035	2.3695373104566384	2.014294779817184	0.906698693727734	10.717963552212902
ZP1_S20	0.12834224598930483	2.3741825834129067	1.8283220039277182	0.9060770712081839	10.647027439024392
ZP2_S21	0.12211668928086838	2.3477602485146765	1.8337231583162101	0.9027048551707864	10.278005153857814
ZP3_S22	0.11644832605531295	2.3806304639449185	1.8598172704900997	0.9074015133189894	10.799312557286893
