Sample	BP	Sh	F	Si	ISi
ZC1_S4	0.20729109400769655	2.1438415062915173	0.7943912799665632	0.8691296237332956	7.641148658135376
ZC2_S5	0.22746489650686766	2.115794152085284	0.8018342117030112	0.8616272193171365	7.226854841429394
ZC3_S6	0.19685260249379358	2.159472062146222	0.8002526668150427	0.8723015452293473	7.830948321152416
ZC4_S7	0.16890723973319027	2.184122530744349	0.8106625525108656	0.8793099832074519	8.28568945945945
ZP1_S20	0.1460860276967626	2.1771029954405923	0.7924130207794824	0.8805626721635141	8.372591869846895
ZP2_S21	0.1480671201656257	2.1715051236352134	0.7952562210389631	0.8795047427918422	8.299081832511314
ZP3_S22	0.14808248322513776	2.1740021913224257	0.7877768743363446	0.8800656522499654	8.337895013063186
