Sample	BP	Sh	F	Si	ISi
ZC1_S4	0.18319351290733032	2.3680600912963055	103.30662736239609	0.8848845994504403	8.686934981992072
ZC2_S5	0.1889974045644954	2.3727602355163704	82.85062644496605	0.882090580054484	8.481086587162281
ZC3_S6	0.1623076008453481	2.4424529541661504	84.9352916538892	0.8925420020283428	9.305961574528462
ZC4_S7	0.14499395469577894	2.400437453529463	72.08365882194627	0.891872232841249	9.248318228303182
ZP1_S20	0.14544248494488474	2.3723264214128794	87.1228763030588	0.8889613670210906	9.00587456070303
ZP2_S21	0.14448224804339488	2.3627819984848113	88.50598393227212	0.887454586695115	8.885302125027566
ZP3_S22	0.13560528927324045	2.3773098475721315	80.95086196545299	0.8900054413058681	9.09135880785482
