Sample	BP	Sh	F	Si	ISi
ZC1_S4	0.5682906223598986	0.8346015387210093	1.1696313576858068	0.5119248885289702	2.048864972823668
ZC2_S5	0.5057749336663024	0.7512312583774516	0.6020630476150818	0.5089673842769162	2.0365245973068857
ZC3_S6	0.6007567355991911	0.7582983613906231	0.7004496755141252	0.4911368565265313	1.9651649226824743
ZC4_S7	0.5784068352463968	0.721193368995812	0.38820249751295116	0.4935681012180967	1.9745991561851706
ZP1_S20	0.49556101246694373	0.7473069187872714	0.5021950615298963	0.5088590625628818	2.0360754394007974
ZP2_S21	0.5149320369084235	0.7243295740535931	0.39411331713318937	0.5044746226974002	2.018060115192315
ZP3_S22	0.4974235963041933	0.7362574580046645	0.38941571916177375	0.5072747104106301	2.0295284636869066
