Sample	BP	Sh	F	Si	ISi
ZC1_S4	0.21275823156765694	2.1823307126560985	23.241919439464542	0.8667500432309346	7.504692866303092
ZC2_S5	0.1950958611042541	2.184449574183753	21.008237578114624	0.8667870230820564	7.506776165027665
ZC3_S6	0.19449456016620195	2.1811495790024438	20.51230970503313	0.8679205762620908	7.571202021477189
ZC4_S7	0.1728591783224153	2.21832488035439	16.053300804444255	0.8768150570575515	8.117875254179364
ZP1_S20	0.1533391683359082	2.18455444717736	23.010048910095968	0.8770642912933274	8.134333063357719
ZP2_S21	0.15288274670697474	2.2126242484144902	19.267761759508964	0.8767870394290282	8.116029315146532
ZP3_S22	0.15385858054016538	2.2390171151795277	18.6833048416042	0.8801765968380465	8.345615076951193
