Sample	BP	Sh	F	Si	ISi
ZC1_S4	0.20104624459819365	2.268451633461427	81.16170380964924	0.8714582545133585	7.779573835831591
ZC2_S5	0.20896218952697357	2.323683573021768	65.50740771592689	0.8726359111242022	7.8515067223946815
ZC3_S6	0.17431488739579445	2.269134730711069	69.21656095441543	0.8750565884529404	8.0036233012843
ZC4_S7	0.16092678488204354	2.2875131020163724	61.95901940107782	0.8796097162627474	8.306318159216765
ZP1_S20	0.15007711885355773	2.3033805732634898	68.4473930274588	0.88266028003704	8.522263393126082
ZP2_S21	0.14971610718199024	2.325256425824317	69.60645482099616	0.8834445026929831	8.579603906334139
ZP3_S22	0.1561041928627506	2.2829012049128585	64.29785663481724	0.8817466397334647	8.45641931650877
