Sample	BP	Sh	F	Si	ISi
Heart_S16	0.3544063836353216	3.3410711810008253	24.0927978891355	0.8603063092801966	7.158519435253468
