Sample	BP	Sh	F	Si	ISi
ZC1_S4	0.21966179745593176	2.1235879241311855	0.8524749726424691	0.8658640722359223	7.455124191326503
ZC2_S5	0.2011629854017932	2.118562970913858	0.8923243950812136	0.8658133076942579	7.452303822509592
ZC3_S6	0.19625049860390906	2.1342446662651064	0.8778793697445569	0.8690651043399031	7.637383410729332
ZC4_S7	0.17121908907909594	2.1714614705903226	0.8987041490141057	0.878416699416274	8.224813730166579
ZP1_S20	0.1580836701058858	2.15438959181315	0.8669646249220935	0.8773236068766658	8.151527564024791
ZP2_S21	0.16332423351532968	2.1381532979881177	0.8795569662567644	0.8738986782653606	7.930130995013232
ZP3_S22	0.1638751335081076	2.153973707207201	0.872973261673526	0.8772116812617634	8.144097176962136
