Sample	BP	Sh	F	Si	ISi
ZC1_S4	0.2260523887271953	2.0579091195144437	0.9768412411335854	0.858674649533839	7.0758713613764606
ZC2_S5	0.20406261647409615	2.04360384463147	0.8158537443668947	0.8581006773318532	7.047249988209265
ZC3_S6	0.198038033649367	2.116862626138264	0.9002018028744622	0.8699959654115578	7.692068966672694
ZC4_S7	0.1808226214308292	2.0470186753803867	0.6469236774932013	0.866937962827494	7.51529152303273
ZP1_S20	0.15697544616349274	2.115627180021742	1.0661627116270735	0.8749561568952569	7.997195025126892
ZP2_S21	0.15975179399723644	2.107493415856261	0.8068612401301578	0.8730247738277804	7.875552028107245
ZP3_S22	0.16426535819064633	2.07860863353315	0.8874556509151998	0.8720312476076946	7.814407668321759
