Sample	BP	Sh	F	Si	ISi
ZC1_S4	0.1827146714671467	2.3539927189496783	60.346762829445204	0.8816627230527078	8.450422603905299
ZC2_S5	0.20501812518036233	2.382765958266474	49.8063208983842	0.8800112754871426	8.334116426855138
ZC3_S6	0.1748907197311917	2.39331657724124	53.60920042599516	0.8868517309035895	8.837961092872991
ZC4_S7	0.15109923154026061	2.378606790756981	45.909020736138565	0.8893427811985164	9.036916080404803
ZP1_S20	0.1391342464228437	2.388034463642309	54.089685049745434	0.8901005614981405	9.099227563233454
ZP2_S21	0.14247998362051315	2.3733446624952856	56.84583546488354	0.8885834698482689	8.975328872997236
ZP3_S22	0.14910519452012344	2.3666713900482415	51.089336084331684	0.8888971063967746	9.000665667369883
