Sample	BP	Sh	F	Si	ISi
ZC1_S4	0.2237430449576314	2.1159911696835203	2.127844779211842	0.8627303633138533	7.28493222639177
ZC2_S5	0.21572168623164298	2.0577522816389857	1.4025616141956998	0.8591334732030982	7.098918548916718
ZC3_S6	0.20158955353523655	2.1109977002491633	2.1696785353430577	0.8645618177237376	7.383442270069991
ZC4_S7	0.18278873289433983	2.0968848109617926	1.4180562282504583	0.8697770213685116	7.679136282313517
ZP1_S20	0.16892993279165414	2.0986419701012613	1.8476264138253127	0.8716465759628218	7.790988105703713
ZP2_S21	0.16965873721654068	2.099290085720645	1.4801968042679525	0.8707282950703858	7.735644861684771
ZP3_S22	0.1736070678176341	2.0924778911832242	1.3729841595867214	0.8713790368353672	7.774782394686439
