Sample	BP	Sh	F	Si	ISi
ZC1_S4	0.21982256684141854	2.180143988969588	32.91941479328144	0.8654615960143215	7.432821933181616
ZC2_S5	0.19930408662803029	2.189347048916272	28.952597455806362	0.8668290281798994	7.509143969835188
ZC3_S6	0.1972400974718904	2.2297504910301895	28.34637482448587	0.8745704995394437	7.972606096079196
ZC4_S7	0.17693120458420034	2.23037050536167	22.022638353871	0.8764126818054057	8.091445098156838
ZP1_S20	0.15541101382942304	2.204017830818327	29.229449011325958	0.8781584985927862	8.20738408875839
ZP2_S21	0.15400914294961263	2.237801026856501	27.091889028110952	0.878566293127672	8.234945846225148
ZP3_S22	0.16285526479092066	2.2304759526775326	26.643729280134583	0.8789198305436525	8.25899075372971
