Sample	BP	Sh	F	Si	ISi
ZC1_S4	0.2380988173982762	2.1087671229599763	0.9382447052303551	0.8616095120120922	7.2259301527094655
ZC2_S5	0.2250498759184468	2.1085122586751277	1.0077615437420422	0.862599505283929	7.277994173648599
ZC3_S6	0.23440417667009641	2.0967040285743432	0.9809339941144593	0.8590216180971687	7.093286123040095
ZC4_S7	0.17422130947141948	2.1679521653411493	1.0083127328081027	0.8777725373511903	8.181467391442562
ZP1_S20	0.15951231044614814	2.1451419137108703	0.9682271509092355	0.8754963832909382	8.031895188529223
ZP2_S21	0.16070328225773323	2.1327645161084448	0.9890132723285409	0.872839927485427	7.864103725525926
ZP3_S22	0.1724348923476997	2.141305822813936	0.9813088331288168	0.8745398577887739	7.970658907084518
