Sample	BP	Sh	F	Si	ISi
ZC1_S4	0.211721353672745	2.1384815155286203	0.7978451592063333	0.8676485106958147	7.555638438655462
ZC2_S5	0.2319719225003709	2.108540333034889	0.8065774523041233	0.8597103139039488	7.1281077592214235
ZC3_S6	0.2008996622530412	2.1542190463083735	0.8046947814527782	0.8708541542270865	7.743183638739511
ZC4_S7	0.17310695224555434	2.177915999578472	0.8158892084052078	0.8778310936319216	8.185388817242373
ZP1_S20	0.14937663911407129	2.1706550544916636	0.7964039203051355	0.8791802847445973	8.276794874794106
ZP2_S21	0.1519324311140225	2.1653360619321305	0.7998130020035151	0.8781213659147524	8.204883550799835
ZP3_S22	0.1516620469749703	2.1671485557059174	0.7923424972008669	0.8786162678289372	8.238336242543005
