Sample	BP	Sh	F	Si	ISi
ZC1_S4	0.8048780487804879	0.6692249093461555	1.0965531067575547	0.34268292682926826	1.5213358070500926
ZC2_S5	0.7619047619047619	0.6680178186607534	0.9577732307082719	0.4	1.6666666666666667
ZC3_S6	0.7	0.8711332705993319	1.5035338353750212	0.4894736842105263	1.958762886597938
ZC4_S7	0.6153846153846154	1.0317671113505356	1.9741517576529655	0.6025641025641026	2.5161290322580645
ZP1_S20	0.7142857142857143	0.8872422356445006	1.4652220668456652	0.4809523809523809	1.9266055045871557
ZP2_S21	0.75	0.5623351446188083	0.6033405709230826	0.4	1.6666666666666667
ZP3_S22	0.7647058823529411	0.8717814824679821	2.3872237186285066	0.42647058823529416	1.7435897435897436
