Sample	BP	Sh	F	Si	ISi
ZC1_S4	0.18452588976697518	2.2797304189999115	2.982764365323546	0.882463403118972	8.50798837584359
ZC2_S5	0.1918969531329082	2.255704082682441	2.725626061956325	0.8779843549108749	8.195670311537182
ZC3_S6	0.17638964655305775	2.284989860997619	3.0059113092274514	0.8842690525358691	8.640731126045047
ZC4_S7	0.14994844179651695	2.2850593848482488	2.467110436773962	0.8879053512972328	8.921032462946766
ZP1_S20	0.14954371719610102	2.2630799027364317	2.6887189057457284	0.8854382503312813	8.728916963050295
ZP2_S21	0.1482929999617693	2.2547820927214715	2.7000684502578185	0.8839284625309232	8.615376532480365
ZP3_S22	0.1370826978624078	2.270964859606047	2.6733539342683112	0.8868125029389926	8.83489807589796
