Sample	BP	Sh	F	Si	ISi
ZC1_S4	0.5805234795996921	0.7172836835316646	0.3834946088005067	0.4923669586944267	1.9699269327073667
ZC2_S5	0.5089223233030091	0.7102431765728068	0.28282919715206073	0.5026182898345438	2.0105282915757914
ZC3_S6	0.6046983758700696	0.7076975913867766	0.38107462699627287	0.4830383744164837	1.9343795564540365
ZC4_S7	0.5860120787064095	0.6782771720330096	0.18289099518128354	0.48525111242128405	1.9426948248568656
ZP1_S20	0.5040608079966681	0.6931141998741969	0.18412670796134473	0.5000190833048277	2.000076336132802
ZP2_S21	0.518571744417422	0.6924572024740085	0.1852513970906076	0.49936538351307314	1.9974647518728124
ZP3_S22	0.5002988047808765	0.6931470019913405	0.18330171938244516	0.5000496271711639	2.0001985283894603
