Sample	BP	Sh	F	Si	ISi
ZC1_S4	0.21812396679524326	2.203837928131489	2.164139941949114	0.8712795490721185	7.768773281879445
ZC2_S5	0.19940731219651528	2.1493159465787643	1.4151315021527766	0.8677076303617612	7.559014951010086
ZC3_S6	0.18953183261980389	2.1943692440529703	1.9311078291026373	0.872607791985299	7.849773668139901
ZC4_S7	0.18019346254809593	2.179162543156985	1.0834203158906868	0.8778885909682856	8.189242986626116
ZP1_S20	0.146711511550831	2.167790754424007	1.4659414640849924	0.8777955525922364	8.183008239162255
ZP2_S21	0.16581916654129683	2.1711329430192086	1.1702553817008017	0.8745015307342977	7.9682246791618185
ZP3_S22	0.16614208633093525	2.1499485758713885	1.0550447719851235	0.8756313577415615	8.040612021171679
