Sample	BP	Sh	F	Si	ISi
ZC1_S4	0.201352966148331	2.244164091394751	52.96528787471821	0.8704857841064843	7.721160129805226
ZC2_S5	0.2114449718511977	2.309862777826321	43.99451985337255	0.8720951749397239	7.818313339850493
ZC3_S6	0.1752809470704298	2.250654653570514	43.03549747985342	0.874277159227037	7.9540041718103796
ZC4_S7	0.15923611493298245	2.267050106168774	38.716301276504474	0.8788737559645604	8.25584915938957
ZP1_S20	0.14952076677316295	2.283608605607038	46.101183114315916	0.8817857400244675	8.459216343332656
ZP2_S21	0.1489875152554021	2.300609214056207	45.708819034851615	0.8822455768514506	8.492250000142079
ZP3_S22	0.1549527815139805	2.2657304846838007	41.10917347443528	0.8809495625708903	8.399801139709918
