Sample	BP	Sh	F	Si	ISi
ZC1_S4	0.5763817910213067	0.7734719682238891	4.247410938923287	0.4992964340397067	1.9971896906348412
ZC2_S5	0.5054736270695739	0.775654311161489	4.33437271914601	0.5105935966931154	2.043291614582626
ZC3_S6	0.6012753188297074	0.7463160201567828	3.9372030105704097	0.4877683071454336	1.952241561679241
ZC4_S7	0.5835943024547934	0.7440945500889864	3.8161465582345975	0.49306116651896015	1.9726245731328478
ZP1_S20	0.4977626251864479	0.7709809208703224	4.894590926194175	0.509786177647458	2.039926159570508
ZP2_S21	0.5145398563120082	0.7583057469579224	3.1520781291813615	0.5079652899688933	2.03237694335991
ZP3_S22	0.4962802231866088	0.7649878093242899	3.8287431287974067	0.5090962152756178	2.037059055394021
