Sample	BP	Sh	F	Si	ISi
ZC1_S4	0.18282300381430047	2.3585457113553674	64.18404841111172	0.8818943113453613	8.466992668949013
ZC2_S5	0.205279571442663	2.385543739045685	54.44858139990235	0.8800922369188033	8.339743602112238
ZC3_S6	0.17399030275151078	2.405855176371097	57.76221556747454	0.8875396581055945	8.892023473829992
ZC4_S7	0.15169527248263853	2.383542875497308	50.4366618214366	0.8895814963914312	9.056453106310686
ZP1_S20	0.1397072228711875	2.3925675899828667	58.499692139632884	0.8903064850309923	9.116309202805065
ZP2_S21	0.14255188199741367	2.3784365684389495	63.37469007536697	0.8889175372243474	9.00232111363652
ZP3_S22	0.14941381736141887	2.372175004742319	56.0107692416914	0.8891978271296752	9.025093769328254
