Sample	BP	Sh	F	Si	ISi
ZC1_S4	0.5647092158390593	0.9010688541816207	2.8170148901874743	0.519526828908061	2.0812816618404884
ZC2_S5	0.5017013531692649	0.8010989107544858	1.3077317802585808	0.5159840174479725	2.0660474778692017
ZC3_S6	0.5996934559509529	0.7810148194828314	1.2808517927039014	0.493634948553068	1.9748598311485204
ZC4_S7	0.5765655148219611	0.7682029201115167	1.079291968567099	0.4995479875325517	1.9981935831760584
ZP1_S20	0.49095582635186596	0.8285724597631471	1.5918566197236097	0.5203572924690795	2.0848852370710427
ZP2_S21	0.5057425347048836	0.8220540174048958	1.4731959055507196	0.5191009179077986	2.0794383629292783
ZP3_S22	0.4914767629642921	0.8124542228152214	1.5798405534434954	0.5175344787488416	2.0726869713026135
