Sample	BP	Sh	F	Si	ISi
ZC1_S4	0.5335184450614835	1.322800373390732	33.725463273340665	0.5697401026965774	2.324176634325723
ZC2_S5	0.4753521126760563	1.2319761391284505	31.050640279922693	0.5665068606562713	2.3068415834998306
ZC3_S6	0.5703217008615881	1.1692325713561165	29.871822655598564	0.5411885755201666	2.1795446814205346
ZC4_S7	0.5437200617033369	1.196834996702131	30.478785250496838	0.5522340537373613	2.2333096305038045
ZP1_S20	0.45388475514794946	1.3976859348791129	34.14937754841332	0.58911452871937	2.4337682149803044
ZP2_S21	0.47473915431081826	1.3289545730530976	32.46465802804058	0.5799052414600238	2.3804153221893625
ZP3_S22	0.4566370237415355	1.3714181882300673	33.12983548016291	0.5852365414466631	2.4110127818104403
