Sample	BP	Sh	F	Si	ISi
ZC1_S4	0.544951117795857	1.1966873253410997	30.241972794950158	0.5525218274516562	2.234745874430253
ZC2_S5	0.48304503543397087	1.1153238202855642	27.950076299948073	0.5514529889156914	2.229420719096132
ZC3_S6	0.5801354401805869	1.060700212250611	28.769114987814376	0.526000725821991	2.1097078718826325
ZC4_S7	0.5556118999323868	1.072839813478205	27.138621265606456	0.5352553733276206	2.1517193370477585
ZP1_S20	0.46493365827240724	1.2520658429997022	31.54761186218358	0.5695104473882944	2.322936744766912
ZP2_S21	0.484822369051039	1.1634419958089002	28.02507142503771	0.5581526537572661	2.26322509007588
ZP3_S22	0.4671613783691573	1.2150643944106023	30.176536688920457	0.5643969651671401	2.2956681199057725
