Sample	BP	Sh	F	Si	ISi
ZC1_S4	0.21223371540396982	2.244273081143898	13.143970406980358	0.8732466220114764	7.889336093989866
ZC2_S5	0.1994064936576283	2.200471347780599	8.885024317321712	0.870216131220028	7.705117819344271
ZC3_S6	0.18947552614415475	2.2457277927888337	10.457946241874742	0.8758290399833413	8.053412809773237
ZC4_S7	0.16766590013140603	2.2734111746218515	9.215128741937972	0.8830068534958452	8.547509233495882
ZP1_S20	0.14770314071755897	2.2384689736457344	10.924398703878728	0.8812333694355096	8.419873454749553
ZP2_S21	0.15750561984847222	2.258253700338896	9.224093450979828	0.8798724962924814	8.324488307313523
ZP3_S22	0.1629120921423402	2.259790482994906	11.97913548106131	0.8814297556015027	8.433819168316347
