Sample	BP	Sh	F	Si	ISi
ZC1_S4	0.23043701046775492	2.139821448603753	11.119806831877446	0.8619086301127994	7.2415821554731945
ZC2_S5	0.21026415939109022	2.098740478750318	7.564411937538198	0.8596689608408588	7.1260072325550015
ZC3_S6	0.19302485422255725	2.1315964289486025	9.176146601361529	0.8648471107749901	7.3990279137514054
ZC4_S7	0.17718348782313317	2.1789527944706157	6.924267852568505	0.8748881988635816	7.992851121291331
ZP1_S20	0.1575195049771321	2.126823224764777	8.355273400407714	0.872215084628528	7.825649820191924
ZP2_S21	0.16448646245290524	2.1655848420924597	7.780483217767633	0.8717775563926379	7.79894667319055
ZP3_S22	0.17154574407748352	2.1654214400438994	9.958846289838773	0.8735904087914685	7.910792135624831
