Sample	BP	Sh	F	Si	ISi
ZC1_S4	0.23033359968038353	2.041014819208498	0.9512157211707626	0.8568371007657899	6.985049935067538
ZC2_S5	0.2147571782466291	1.995753721547321	0.7045507427850002	0.854068844358511	6.852546295574562
ZC3_S6	0.2046121183339386	2.01440833716453	0.8848701399026782	0.857572567672658	7.021119342386887
ZC4_S7	0.18090837733694876	2.051082916082705	0.709377963576258	0.8678103431285893	7.5648883858800176
ZP1_S20	0.1597101205427428	2.058673341235777	0.6831706097885941	0.8699735955442413	7.690745615751053
ZP2_S21	0.16863678884258865	2.04442703231966	0.7894331787888164	0.8658423632798662	7.453917827175945
ZP3_S22	0.17283481089020616	2.0544542468800935	0.6887863452344056	0.8688451360709373	7.624574263146398
