Sample	BP	Sh	F	Si	ISi
ZC1_S4	0.21811984326717848	2.1288540184385623	13.499085099759908	0.8625219905256463	7.273890594019314
ZC2_S5	0.2057996797722825	2.1347483501745943	7.262880928386823	0.8632532743782934	7.312789358967028
ZC3_S6	0.1916356344886852	2.1225085073618493	9.241002853464572	0.8636915393370832	7.336301760995925
ZC4_S7	0.17929354445797807	2.1628165230969256	7.103727557188044	0.8739328494919935	7.932280502655527
ZP1_S20	0.14933327181285472	2.14314540245462	9.62857917400807	0.8729409915372067	7.870358915108566
ZP2_S21	0.156208824993412	2.1489057524537754	7.745761003202576	0.8716038049520409	7.788392791752718
ZP3_S22	0.15057474387890976	2.1681561371324105	8.476431034528094	0.8749652782496369	7.997778425072519
