Sample	BP	Sh	F	Si	ISi
ZC1_S4	0.18240845856703422	2.348963182567921	56.22878561890807	0.8814076925050107	8.432250127540962
ZC2_S5	0.20601561381494177	2.3760182206807965	45.566820776316526	0.8795635503847228	8.303134169052685
ZC3_S6	0.17417413754548597	2.3870997078222507	47.07160114355763	0.8865323001015964	8.81308073482919
ZC4_S7	0.14959691452490262	2.373746013374078	40.71454665275369	0.8891439330364981	9.020706104693742
ZP1_S20	0.13917651825113236	2.379656782846639	49.67828214849089	0.8895933665641453	9.05742679474954
ZP2_S21	0.14214244009662388	2.3683915330531637	50.235068046059105	0.8882429784279224	8.947983633896783
ZP3_S22	0.14783095996094422	2.3607276599675915	46.69747926148089	0.8884798659537112	8.96699065645786
