Sample	BP	Sh	F	Si	ISi
ZC1_S4	0.22245370027134828	2.165004164876571	1.298602769615529	0.8681864001536068	7.586470600646166
ZC2_S5	0.21290387620343768	2.1246885059195186	0.9520522379731635	0.8654708417154122	7.433332764073085
ZC3_S6	0.21914484067252343	2.1305736373838786	1.0373352470790875	0.8656179293004114	7.441468901275542
ZC4_S7	0.1707055950216909	2.1756774757482695	0.9612519476368837	0.878334767358522	8.219274958745126
ZP1_S20	0.1700923563793716	2.1573454794643934	1.025481719432588	0.8765864582248575	8.102838518498915
ZP2_S21	0.1676106528315097	2.1548296071037565	1.1306120997167337	0.8753301037376352	8.021182578796116
ZP3_S22	0.1764172298539663	2.157862782227088	1.0266497860322235	0.8763671045765413	8.088462189410594
