Sample	BP	Sh	F	Si	ISi
ZC1_S4	0.22004035794099067	2.1865335389942384	32.56791730263936	0.8656969496187752	7.445847262303113
ZC2_S5	0.19832202888291917	2.189221532230406	28.868098930034293	0.866708573644883	7.502358008652294
ZC3_S6	0.19531437681539235	2.2354482871237997	26.973806873419942	0.8749962741091617	7.999761550093857
ZC4_S7	0.17633476118942817	2.2289192667395845	21.29259222376881	0.8765360457113032	8.09952998639337
ZP1_S20	0.15494298829448075	2.1989803124596254	30.15648936858448	0.8779432224062053	8.192908412902744
ZP2_S21	0.15327349714045804	2.229723558350386	26.50107602793858	0.8781473692605266	8.206634472570782
ZP3_S22	0.16137014847616568	2.246591357094297	26.433224709670768	0.8801715303753673	8.345262216337563
