Sample	BP	Sh	F	Si	ISi
ZC1_S4	0.20183056917878633	2.257181769846082	73.81180204530033	0.8709875440207768	7.751189545302859
ZC2_S5	0.20910563540045612	2.317289093195086	57.77064893491306	0.8723096272540763	7.8314439725991285
ZC3_S6	0.17631471826906517	2.2643092117185395	60.76043827589154	0.8749037426084145	7.993844267216776
ZC4_S7	0.1612173656521953	2.279702175962128	54.30160142902685	0.879298485142197	8.284900162007812
ZP1_S20	0.15017699981810295	2.300542225895392	63.87876186838747	0.8825706537568035	8.515758896664533
ZP2_S21	0.14947396305033417	2.308599649799691	60.97252577398772	0.8827603202495108	8.529535410947993
ZP3_S22	0.15654358539966118	2.2785783209863792	58.23899747065144	0.8815944890051381	8.445552842919568
