Sample	BP	Sh	F	Si	ISi
ZC1_S4	0.20993290701331377	2.2764950312189485	29.519049957367695	0.8752428910843881	8.015575294201629
ZC2_S5	0.2019951612368674	2.267535508553976	24.528745694508675	0.8740053140967758	7.9368426757942405
ZC3_S6	0.19213369884568576	2.280497588507324	26.480567496959527	0.8778213172459526	8.184733846026612
ZC4_S7	0.16853699239755238	2.299756838456423	22.53719919624811	0.8840979829192183	8.627977538156365
ZP1_S20	0.15990297959943495	2.249431550544682	25.074272121053887	0.8818191283853369	8.461606234049194
ZP2_S21	0.16172756056778967	2.2947456827978487	25.714875271311396	0.8828973200171708	8.53951421219933
ZP3_S22	0.1664837824753913	2.307247023240927	24.135526639242364	0.8850509521559713	8.699506596669455
