Sample	BP	Sh	F	Si	ISi
ZC1_S4	0.2190220669661748	2.158245473507167	0.9419646212897009	0.8685435800476489	7.607083780027394
ZC2_S5	0.21855064058628143	2.1169639114890213	0.8799185878084342	0.8645531722287387	7.382970989093756
ZC3_S6	0.22744916285267366	2.1151365957568657	0.8691170267754528	0.862802151313096	7.288744026023882
ZC4_S7	0.17320574162679425	2.1703646796760605	0.8880898321042726	0.8779117021416575	8.190793200838028
ZP1_S20	0.17332774980338483	2.1473371443505873	0.8588123706500318	0.8752938885863244	8.018853195436394
ZP2_S21	0.15901976358454423	2.145047912946307	0.8697845017136877	0.8752252872691784	8.014444418375978
ZP3_S22	0.1755039882429367	2.1486090817412777	0.8621970350618738	0.8756311175800575	8.04059649441419
