Sample	BP	Sh	F	Si	ISi
ZC1_S4	0.22412792638276238	2.171544907054767	27.78021240169202	0.8644535715065218	7.377545916291809
ZC2_S5	0.21071221735007542	2.174579088012098	24.014625931690155	0.8661997933322994	7.473830010468886
ZC3_S6	0.2014739663093415	2.156233024339406	23.443779333093417	0.8659782223266138	7.4614739287895455
ZC4_S7	0.1777879407182976	2.236073907293283	21.65514908413686	0.8775824436397804	8.16876295959913
ZP1_S20	0.16890617078766784	2.153587421731631	23.79811291569979	0.8737805454736562	7.9227089338378205
ZP2_S21	0.16653899446878978	2.2072309315904914	23.896791921238126	0.8759203537313052	8.059339545782533
ZP3_S22	0.17284265513089966	2.210916253252369	23.35252126303015	0.8772173072743465	8.144470346764649
