Sample	BP	Sh	F	Si	ISi
ZC1_S4	0.5843152866242038	0.6788608819613051	0.17925601081685316	0.48582054486264326	1.9448462788791556
ZC2_S5	0.5107880782592795	0.6929143972316353	0.18173162600106502	0.4998129298281805	1.9992519991700095
ZC3_S6	0.6054041814476564	0.693106834020845	0.27855579209248216	0.48094121723889105	1.9265640679087381
ZC4_S7	0.5887146058260339	0.6773229716682909	0.18371623175010518	0.4843087660844504	1.9391448491516563
ZP1_S20	0.5028503818436054	0.6931309311186216	0.18473535628035523	0.5000375354735681	2.000150153166413
ZP2_S21	0.5187995860641601	0.6924401650482191	0.185998565114748	0.4993505675433555	1.9974056398967326
ZP3_S22	0.5009903054310435	0.6931452191489694	0.18414810635883538	0.5000501651581328	2.000200680766896
