Sample	BP	Sh	F	Si	ISi
ZC1_S4	0.18357023288596516	2.2933679555590465	6.897228135202017	0.879879054363544	8.324942787467581
ZC2_S5	0.20697176621875688	2.305276151090299	6.341770674605283	0.8774800091124595	8.161933352720268
ZC3_S6	0.17712366450777714	2.3183397769952196	6.217456220902547	0.884206874463685	8.636091265075837
ZC4_S7	0.15052151358510696	2.3092028434938316	4.752571510572492	0.8871019297037481	8.857547320126331
ZP1_S20	0.14548105993242041	2.3035157170146983	7.606222830821479	0.886257471026043	8.791786230012214
ZP2_S21	0.14370783817251004	2.3040771034072436	6.797856097540573	0.8859848640285273	8.770765315319244
ZP3_S22	0.15048690457600594	2.3028866386570925	7.0328496790504795	0.8866515244257178	8.822350675061848
