Sample	BP	Sh	F	Si	ISi
ZC1_S4	0.21856630559355245	2.247194529800417	22.65800907712501	0.871891686181166	7.805894638611532
ZC2_S5	0.21057020849032906	2.2642851507113577	18.11509991651301	0.8733015685686223	7.892757540109081
ZC3_S6	0.21509355055730311	2.2226849545029475	21.683518284436463	0.8701724562037296	7.70252575654695
ZC4_S7	0.16807732090622948	2.3206866129917163	16.505776574007267	0.8872819168583251	8.871690966773311
ZP1_S20	0.1681628249615561	2.2294851898813177	20.94895363005189	0.8792577129744897	8.282102522943939
ZP2_S21	0.1645570753365798	2.2531308022684344	19.664447967895917	0.879351028757782	8.288508303915613
ZP3_S22	0.17510656853395928	2.225520864648159	19.039928898324458	0.8789170871037773	8.258803625389127
