Sample	BP	Sh	F	Si	ISi
ZC1_S4	0.22697150815296235	2.1131008931297877	0.8155934610501072	0.8612879707630801	7.209180094193572
ZC2_S5	0.24688514214643695	2.079412523680071	0.8331922620744264	0.852642143192719	6.786200760966754
ZC3_S6	0.21254557908793392	2.1289953494485974	0.8285468838519884	0.8649944200420903	7.407101249531808
ZC4_S7	0.18662296858989016	2.1522945594537473	0.8439679675162648	0.8723926345806122	7.836538249288759
ZP1_S20	0.16060144082742953	2.14546398485972	0.8177600563750018	0.8740039229131069	7.936755041272843
ZP2_S21	0.16511385111472335	2.137264543404474	0.825116020142673	0.8723591183686041	7.834480514540959
ZP3_S22	0.16219577083345788	2.1399214813803944	0.8177591855664632	0.8732415445343497	7.88902007622667
