Sample	BP	Sh	F	Si	ISi
ZC1_S4	0.20324522202499787	2.1452302284505858	1.8495346180529615	0.8674941176488977	7.5468347688164465
ZC2_S5	0.21221786942947482	2.123623602977363	1.4959911458213522	0.8637030488435217	7.336921270175228
ZC3_S6	0.17622104752819004	2.1369498582640665	1.7672948523386314	0.870423345482471	7.717439562886086
ZC4_S7	0.16438417312430811	2.1293585998767677	1.2391481796875743	0.8733978073534876	7.898757352426846
ZP1_S20	0.1520300651902344	2.1362712995005944	1.5685881321245134	0.8761524800861775	8.074445097454
ZP2_S21	0.15584211297766687	2.1443040756788436	1.6620255007862033	0.8759035986343847	8.058251399682254
ZP3_S22	0.1586280745851394	2.140849090445331	1.4673485587129014	0.8766023558817345	8.103882429405138
