Sample	BP	Sh	F	Si	ISi
ZC1_S4	0.5238095238095238	1.1968834848247374	0.874198959356541	0.6520367183017786	2.8738664468260513
ZC2_S5	1.0	-0.0	0.19457886568061766	0.0	1.0
ZC3_S6	0.45652173913043476	1.280429972598699	1.0526414618914253	0.706280193236715	3.4046052631578947
ZC4_S7	1.0	-0.0	0.19187499961906948	0.0	1.0
ZP1_S20	0.4727272727272727	1.2586675168807948	0.9916804225067651	0.6922558922558922	3.24945295404814
ZP2_S21	0.6585365853658537	0.6420013838572223	0.4400281381426769	0.4609756097560975	1.855203619909502
ZP3_S22	0.6153846153846154	0.9320181767661445	0.7574658814025329	0.5614035087719298	2.2800000000000002
