Sample	BP	Sh	F	Si	ISi
ZC1_S4	0.18309000841200113	2.363883283923637	98.95637488751557	0.8845603469657682	8.662534698570743
ZC2_S5	0.18927089806681335	2.368182841173127	76.87719705839365	0.881618772335417	8.447285264124504
ZC3_S6	0.1629800207576544	2.4311718010175527	78.76120116559235	0.891432822448744	9.210886960084112
ZC4_S7	0.1456349451604775	2.3914129115046565	67.3558340734151	0.8913203879734724	9.201357838450047
ZP1_S20	0.14639876735232088	2.35981947793011	79.1203537080306	0.8882059582191307	8.945020540183432
ZP2_S21	0.14458331271247415	2.3579476693128187	80.03420114593075	0.8871348064299426	8.860127452661324
ZP3_S22	0.13535585662836563	2.371910627636304	73.90968347698224	0.8896169424477387	9.059361302132311
