Sample	BP	Sh	F	Si	ISi
ZC1_S4	0.21402113417569193	2.250070282801527	16.406230865937626	0.8733039645056192	7.89290679931616
ZC2_S5	0.19836441153711937	2.237714227376609	12.614835740426887	0.8726144416202443	7.85018343302973
ZC3_S6	0.19018137537653015	2.2550510834738877	13.900269173848336	0.8762010629837783	8.077613783299027
ZC4_S7	0.16769760571885559	2.2792447962921702	11.67424055742145	0.8832729365067393	8.566993549509926
ZP1_S20	0.15488010807159744	2.2445667815118497	13.79671347037662	0.8812820664771928	8.423327212041533
ZP2_S21	0.15721764166993848	2.26712575957977	12.632396892076331	0.8807073041469605	8.382742906840939
ZP3_S22	0.16131648388892925	2.2643469049209384	14.448308136375825	0.8821814366038179	8.487626832092277
