Sample	BP	Sh	F	Si	ISi
ZC1_S4	0.21522158861299448	2.22916842031544	15.800299448192478	0.8719080940037195	7.8068945279730455
ZC2_S5	0.21746559587807732	2.2303278820175563	11.735045404350101	0.8708169537500094	7.740953856010135
ZC3_S6	0.22276079354637676	2.2042057036333684	14.879185964471498	0.8675726479569154	7.551310092454727
ZC4_S7	0.17016998191681737	2.3192388628529166	10.71578081439782	0.88762013617481	8.898391277244531
ZP1_S20	0.17133337409060342	2.2190170613351525	12.86368824139833	0.8781596573874797	8.207462147248103
ZP2_S21	0.15756552125800816	2.2123210125538306	11.55575473450046	0.8779770651877941	8.195180697292736
ZP3_S22	0.17410472416687028	2.2078038539649114	13.950127897361519	0.8778281312923082	8.185190343552808
