Sample	BP	Sh	F	Si	ISi
ZC1_S4	0.22072268175881585	2.0381812552095906	0.8346894218200946	0.8582944942662329	7.0568888260331715
ZC2_S5	0.20254863291050612	1.9947891876555608	0.681298131352532	0.8542077625870783	6.859075748784478
ZC3_S6	0.19630717245263285	2.018325106211378	0.7642580652681492	0.8588581798760406	7.085072299065851
ZC4_S7	0.17927850076741517	2.0512863104733716	0.6877070570976916	0.8679072986427437	7.570440983680187
ZP1_S20	0.1498983173015042	2.064013289961438	0.6623654426229613	0.8712915772736245	7.769499297850342
ZP2_S21	0.1555302075203618	2.062728499391178	0.76389826299106	0.8689697724723365	7.631826784311101
ZP3_S22	0.15362862608470645	2.0658939930696647	0.6668308852035723	0.8717038788922484	7.794467918169822
