Sample	BP	Sh	F	Si	ISi
ZC1_S4	0.22261215972683296	2.162593345830065	22.278675938310457	0.864405784903157	7.3749458948952045
ZC2_S5	0.21010449106056056	2.1730598809378483	18.45345534890044	0.8666514903423677	7.499146428913719
ZC3_S6	0.20079055953404681	2.1556149000070297	19.38356917177342	0.8661379078917828	7.470374803283198
ZC4_S7	0.1762783323442662	2.233310738878574	16.664528248346176	0.8779920724890393	8.196188726426522
ZP1_S20	0.16620652956459137	2.1554940439023023	17.674302503641655	0.8740298533584755	7.938388790208507
ZP2_S21	0.16384870382956296	2.1890670995121657	16.779082404407657	0.8749015895136126	7.99370668349791
ZP3_S22	0.17124282934472215	2.20984979446741	17.941364698558655	0.8773383611655927	8.152508066111816
