Sample	BP	Sh	F	Si	ISi
ZC1_S4	0.20265920941569968	2.161559240370276	3.0935249840213133	0.8679636100542677	7.57366965585022
ZC2_S5	0.21395944371342115	2.142881532273837	2.835688190574272	0.8642576838343641	7.366899491974019
ZC3_S6	0.1761205461062179	2.163775242856792	3.0221412475058766	0.8716046348225434	7.788443131244566
ZC4_S7	0.16059614284136656	2.1614930497509803	2.285611229064492	0.8751062793119769	8.00680766407736
ZP1_S20	0.15075138632863763	2.1529152365123942	2.6980335745325483	0.8764789214228965	8.09578422986152
ZP2_S21	0.15160076075758777	2.186679755927465	2.518440813782426	0.8779566782681438	8.193811720375162
ZP3_S22	0.15640163840840327	2.159502199110352	2.682400330076274	0.8770310798075396	8.132136140049745
