Sample	BP	Sh	F	Si	ISi
ZC1_S4	0.21938367596934744	2.180717922175875	33.04692241621838	0.8655545272454329	7.437959639039093
ZC2_S5	0.19946810035020549	2.189841776921592	29.211873345166286	0.8668261525411587	7.508981823995587
ZC3_S6	0.19729287407975543	2.2303872140501912	28.73086105651988	0.8745832315102104	7.973415453463959
ZC4_S7	0.1768499374550357	2.2312113162553393	22.02227494535216	0.8764498943586386	8.093882193049502
ZP1_S20	0.1554670905484674	2.2050215130132056	29.609277055455998	0.8781813826096135	8.208925872104972
ZP2_S21	0.15388310486582696	2.2358665572940906	27.091559418917043	0.8784315632353952	8.225819354215423
ZP3_S22	0.16276707707721508	2.2310162013992993	26.643148243778516	0.8789484283307353	8.2609418961712
