Sample	BP	Sh	F	Si	ISi
ZC1_S4	0.18364568918837615	2.2689124214468994	3.175880843625772	0.8791031256371772	8.271512437938693
ZC2_S5	0.20857895025966727	2.261101726052468	2.91960543564093	0.8755580702646328	8.035876670560775
ZC3_S6	0.17705601396576268	2.2916775100006794	3.201070126816569	0.8832842349607246	8.567822861491724
ZC4_S7	0.15100476912553276	2.280007091142518	2.4675878368102224	0.8860915007428407	8.778976165267565
ZP1_S20	0.14616300148316336	2.246812481323862	2.784176767621994	0.8840274534425245	8.622730376144704
ZP2_S21	0.14397028698332473	2.271377149438466	2.700467686582324	0.8849009033471622	8.688165494610292
ZP3_S22	0.14931610287247138	2.253220855704198	2.8631346104533177	0.8846837679066978	8.671806057545318
